"module name","license","repository"
"@babel/code-frame@7.14.5","MIT","https://github.com/babel/babel"
"@babel/compat-data@7.14.7","MIT","https://github.com/babel/babel"
"@babel/core@7.14.8","MIT","https://github.com/babel/babel"
"@babel/generator@7.14.8","MIT","https://github.com/babel/babel"
"@babel/helper-annotate-as-pure@7.14.5","MIT","https://github.com/babel/babel"
"@babel/helper-builder-binary-assignment-operator-visitor@7.14.5","MIT","https://github.com/babel/babel"
"@babel/helper-compilation-targets@7.14.5","MIT","https://github.com/babel/babel"
"@babel/helper-create-class-features-plugin@7.14.8","MIT","https://github.com/babel/babel"
"@babel/helper-create-regexp-features-plugin@7.14.5","MIT","https://github.com/babel/babel"
"@babel/helper-define-polyfill-provider@0.2.3","MIT","https://github.com/babel/babel-polyfills"
"@babel/helper-explode-assignable-expression@7.14.5","MIT","https://github.com/babel/babel"
"@babel/helper-function-name@7.14.5","MIT","https://github.com/babel/babel"
"@babel/helper-get-function-arity@7.14.5","MIT","https://github.com/babel/babel"
"@babel/helper-hoist-variables@7.14.5","MIT","https://github.com/babel/babel"
"@babel/helper-member-expression-to-functions@7.14.7","MIT","https://github.com/babel/babel"
"@babel/helper-module-imports@7.14.5","MIT","https://github.com/babel/babel"
"@babel/helper-module-transforms@7.14.8","MIT","https://github.com/babel/babel"
"@babel/helper-optimise-call-expression@7.14.5","MIT","https://github.com/babel/babel"
"@babel/helper-plugin-utils@7.14.5","MIT","https://github.com/babel/babel"
"@babel/helper-remap-async-to-generator@7.14.5","MIT","https://github.com/babel/babel"
"@babel/helper-replace-supers@7.14.5","MIT","https://github.com/babel/babel"
"@babel/helper-simple-access@7.14.8","MIT","https://github.com/babel/babel"
"@babel/helper-skip-transparent-expression-wrappers@7.14.5","MIT","https://github.com/babel/babel"
"@babel/helper-split-export-declaration@7.14.5","MIT","https://github.com/babel/babel"
"@babel/helper-validator-identifier@7.14.8","MIT","https://github.com/babel/babel"
"@babel/helper-validator-option@7.14.5","MIT","https://github.com/babel/babel"
"@babel/helper-wrap-function@7.14.5","MIT","https://github.com/babel/babel"
"@babel/helpers@7.14.8","MIT","https://github.com/babel/babel"
"@babel/highlight@7.14.5","MIT","https://github.com/babel/babel"
"@babel/parser@7.14.8","MIT","https://github.com/babel/babel"
"@babel/plugin-bugfix-v8-spread-parameters-in-optional-chaining@7.14.5","MIT","https://github.com/babel/babel"
"@babel/plugin-proposal-async-generator-functions@7.14.7","MIT","https://github.com/babel/babel"
"@babel/plugin-proposal-class-properties@7.14.5","MIT","https://github.com/babel/babel"
"@babel/plugin-proposal-class-static-block@7.14.5","MIT","https://github.com/babel/babel"
"@babel/plugin-proposal-decorators@7.14.5","MIT","https://github.com/babel/babel"
"@babel/plugin-proposal-dynamic-import@7.14.5","MIT","https://github.com/babel/babel"
"@babel/plugin-proposal-export-namespace-from@7.14.5","MIT","https://github.com/babel/babel"
"@babel/plugin-proposal-function-sent@7.14.5","MIT","https://github.com/babel/babel"
"@babel/plugin-proposal-json-strings@7.14.5","MIT","https://github.com/babel/babel"
"@babel/plugin-proposal-logical-assignment-operators@7.14.5","MIT","https://github.com/babel/babel"
"@babel/plugin-proposal-nullish-coalescing-operator@7.14.5","MIT","https://github.com/babel/babel"
"@babel/plugin-proposal-numeric-separator@7.14.5","MIT","https://github.com/babel/babel"
"@babel/plugin-proposal-object-rest-spread@7.14.7","MIT","https://github.com/babel/babel"
"@babel/plugin-proposal-optional-catch-binding@7.14.5","MIT","https://github.com/babel/babel"
"@babel/plugin-proposal-optional-chaining@7.14.5","MIT","https://github.com/babel/babel"
"@babel/plugin-proposal-private-methods@7.14.5","MIT","https://github.com/babel/babel"
"@babel/plugin-proposal-private-property-in-object@7.14.5","MIT","https://github.com/babel/babel"
"@babel/plugin-proposal-throw-expressions@7.14.5","MIT","https://github.com/babel/babel"
"@babel/plugin-proposal-unicode-property-regex@7.14.5","MIT","https://github.com/babel/babel"
"@babel/plugin-syntax-async-generators@7.8.4","MIT","https://github.com/babel/babel/tree/master/packages/babel-plugin-syntax-async-generators"
"@babel/plugin-syntax-class-properties@7.12.13","MIT","https://github.com/babel/babel"
"@babel/plugin-syntax-class-static-block@7.14.5","MIT","https://github.com/babel/babel"
"@babel/plugin-syntax-decorators@7.14.5","MIT","https://github.com/babel/babel"
"@babel/plugin-syntax-dynamic-import@7.8.3","MIT","https://github.com/babel/babel/tree/master/packages/babel-plugin-syntax-dynamic-import"
"@babel/plugin-syntax-export-namespace-from@7.8.3","MIT","https://github.com/babel/babel/tree/master/packages/babel-plugin-syntax-export-namespace-from"
"@babel/plugin-syntax-function-sent@7.14.5","MIT","https://github.com/babel/babel"
"@babel/plugin-syntax-import-meta@7.10.4","MIT","https://github.com/babel/babel"
"@babel/plugin-syntax-json-strings@7.8.3","MIT","https://github.com/babel/babel/tree/master/packages/babel-plugin-syntax-json-strings"
"@babel/plugin-syntax-logical-assignment-operators@7.10.4","MIT","https://github.com/babel/babel"
"@babel/plugin-syntax-nullish-coalescing-operator@7.8.3","MIT","https://github.com/babel/babel/tree/master/packages/babel-plugin-syntax-nullish-coalescing-operator"
"@babel/plugin-syntax-numeric-separator@7.10.4","MIT","https://github.com/babel/babel"
"@babel/plugin-syntax-object-rest-spread@7.8.3","MIT","https://github.com/babel/babel/tree/master/packages/babel-plugin-syntax-object-rest-spread"
"@babel/plugin-syntax-optional-catch-binding@7.8.3","MIT","https://github.com/babel/babel/tree/master/packages/babel-plugin-syntax-optional-catch-binding"
"@babel/plugin-syntax-optional-chaining@7.8.3","MIT","https://github.com/babel/babel/tree/master/packages/babel-plugin-syntax-optional-chaining"
"@babel/plugin-syntax-private-property-in-object@7.14.5","MIT","https://github.com/babel/babel"
"@babel/plugin-syntax-throw-expressions@7.14.5","MIT","https://github.com/babel/babel"
"@babel/plugin-syntax-top-level-await@7.14.5","MIT","https://github.com/babel/babel"
"@babel/plugin-transform-arrow-functions@7.14.5","MIT","https://github.com/babel/babel"
"@babel/plugin-transform-async-to-generator@7.14.5","MIT","https://github.com/babel/babel"
"@babel/plugin-transform-block-scoped-functions@7.14.5","MIT","https://github.com/babel/babel"
"@babel/plugin-transform-block-scoping@7.14.5","MIT","https://github.com/babel/babel"
"@babel/plugin-transform-classes@7.14.5","MIT","https://github.com/babel/babel"
"@babel/plugin-transform-computed-properties@7.14.5","MIT","https://github.com/babel/babel"
"@babel/plugin-transform-destructuring@7.14.7","MIT","https://github.com/babel/babel"
"@babel/plugin-transform-dotall-regex@7.14.5","MIT","https://github.com/babel/babel"
"@babel/plugin-transform-duplicate-keys@7.14.5","MIT","https://github.com/babel/babel"
"@babel/plugin-transform-exponentiation-operator@7.14.5","MIT","https://github.com/babel/babel"
"@babel/plugin-transform-for-of@7.14.5","MIT","https://github.com/babel/babel"
"@babel/plugin-transform-function-name@7.14.5","MIT","https://github.com/babel/babel"
"@babel/plugin-transform-literals@7.14.5","MIT","https://github.com/babel/babel"
"@babel/plugin-transform-member-expression-literals@7.14.5","MIT","https://github.com/babel/babel"
"@babel/plugin-transform-modules-amd@7.14.5","MIT","https://github.com/babel/babel"
"@babel/plugin-transform-modules-commonjs@7.14.5","MIT","https://github.com/babel/babel"
"@babel/plugin-transform-modules-systemjs@7.14.5","MIT","https://github.com/babel/babel"
"@babel/plugin-transform-modules-umd@7.14.5","MIT","https://github.com/babel/babel"
"@babel/plugin-transform-named-capturing-groups-regex@7.14.7","MIT","https://github.com/babel/babel"
"@babel/plugin-transform-new-target@7.14.5","MIT","https://github.com/babel/babel"
"@babel/plugin-transform-object-super@7.14.5","MIT","https://github.com/babel/babel"
"@babel/plugin-transform-parameters@7.14.5","MIT","https://github.com/babel/babel"
"@babel/plugin-transform-property-literals@7.14.5","MIT","https://github.com/babel/babel"
"@babel/plugin-transform-regenerator@7.14.5","MIT","https://github.com/babel/babel"
"@babel/plugin-transform-reserved-words@7.14.5","MIT","https://github.com/babel/babel"
"@babel/plugin-transform-runtime@7.14.5","MIT","https://github.com/babel/babel"
"@babel/plugin-transform-shorthand-properties@7.14.5","MIT","https://github.com/babel/babel"
"@babel/plugin-transform-spread@7.14.6","MIT","https://github.com/babel/babel"
"@babel/plugin-transform-sticky-regex@7.14.5","MIT","https://github.com/babel/babel"
"@babel/plugin-transform-template-literals@7.14.5","MIT","https://github.com/babel/babel"
"@babel/plugin-transform-typeof-symbol@7.14.5","MIT","https://github.com/babel/babel"
"@babel/plugin-transform-unicode-escapes@7.14.5","MIT","https://github.com/babel/babel"
"@babel/plugin-transform-unicode-regex@7.14.5","MIT","https://github.com/babel/babel"
"@babel/preset-env@7.14.8","MIT","https://github.com/babel/babel"
"@babel/preset-modules@0.1.4","MIT",""
"@babel/runtime@7.14.8","MIT","https://github.com/babel/babel"
"@babel/template@7.14.5","MIT","https://github.com/babel/babel"
"@babel/traverse@7.14.8","MIT","https://github.com/babel/babel"
"@babel/types@7.14.8","MIT","https://github.com/babel/babel"
"@electron/get@1.12.4","MIT","https://github.com/electron/get"
"@firebase/analytics-types@0.4.0","Apache-2.0","https://github.com/firebase/firebase-js-sdk"
"@firebase/analytics@0.6.14","Apache-2.0","https://github.com/firebase/firebase-js-sdk"
"@firebase/app-check-interop-types@0.1.0","Apache-2.0","https://github.com/firebase/firebase-js-sdk"
"@firebase/app-check-types@0.2.0","Apache-2.0","https://github.com/firebase/firebase-js-sdk"
"@firebase/app-check@0.2.0","Apache-2.0","https://github.com/firebase/firebase-js-sdk"
"@firebase/app-types@0.6.2","Apache-2.0","https://github.com/firebase/firebase-js-sdk"
"@firebase/app@0.6.28","Apache-2.0","https://github.com/firebase/firebase-js-sdk"
"@firebase/auth-interop-types@0.1.6","Apache-2.0","https://github.com/firebase/firebase-js-sdk"
"@firebase/auth-types@0.10.3","Apache-2.0","https://github.com/firebase/firebase-js-sdk"
"@firebase/auth@0.16.8","Apache-2.0","https://github.com/firebase/firebase-js-sdk"
"@firebase/component@0.5.4","Apache-2.0","https://github.com/firebase/firebase-js-sdk"
"@firebase/database-types@0.7.2","Apache-2.0","https://github.com/firebase/firebase-js-sdk"
"@firebase/database@0.10.7","Apache-2.0","https://github.com/firebase/firebase-js-sdk"
"@firebase/firestore-types@2.3.0","Apache-2.0","https://github.com/firebase/firebase-js-sdk"
"@firebase/firestore@2.3.8","Apache-2.0","https://github.com/firebase/firebase-js-sdk"
"@firebase/functions-types@0.4.0","Apache-2.0","https://github.com/firebase/firebase-js-sdk"
"@firebase/functions@0.6.13","Apache-2.0","https://github.com/firebase/firebase-js-sdk"
"@firebase/installations-types@0.3.4","Apache-2.0","https://github.com/firebase/firebase-js-sdk"
"@firebase/installations@0.4.30","Apache-2.0","https://github.com/firebase/firebase-js-sdk"
"@firebase/logger@0.2.6","Apache-2.0","https://github.com/firebase/firebase-js-sdk"
"@firebase/messaging-types@0.5.0","Apache-2.0","https://github.com/firebase/firebase-js-sdk"
"@firebase/messaging@0.7.14","Apache-2.0","https://github.com/firebase/firebase-js-sdk"
"@firebase/performance-types@0.0.13","Apache-2.0","https://github.com/firebase/firebase-js-sdk"
"@firebase/performance@0.4.16","Apache-2.0","https://github.com/firebase/firebase-js-sdk"
"@firebase/polyfill@0.3.36","Apache-2.0","https://github.com/firebase/firebase-js-sdk"
"@firebase/remote-config-types@0.1.9","Apache-2.0","https://github.com/firebase/firebase-js-sdk"
"@firebase/remote-config@0.1.41","Apache-2.0","https://github.com/firebase/firebase-js-sdk"
"@firebase/storage-types@0.4.1","Apache-2.0","https://github.com/firebase/firebase-js-sdk"
"@firebase/storage@0.5.6","Apache-2.0","https://github.com/firebase/firebase-js-sdk"
"@firebase/util@1.1.0","Apache-2.0","https://github.com/firebase/firebase-js-sdk"
"@firebase/webchannel-wrapper@0.5.1","Apache-2.0","https://github.com/firebase/firebase-js-sdk"
"@grpc/grpc-js@1.3.6","Apache-2.0","https://github.com/grpc/grpc-node/tree/master/packages/grpc-js"
"@grpc/proto-loader@0.6.4","Apache-2.0","https://github.com/grpc/grpc-node"
"@intlify/core-base@9.1.7","MIT","https://github.com/intlify/vue-i18n-next"
"@intlify/devtools-if@9.1.7","MIT","https://github.com/intlify/vue-i18n-next"
"@intlify/message-compiler@9.1.7","MIT","https://github.com/intlify/vue-i18n-next"
"@intlify/message-resolver@9.1.7","MIT","https://github.com/intlify/vue-i18n-next"
"@intlify/runtime@9.1.7","MIT","https://github.com/intlify/vue-i18n-next"
"@intlify/shared@9.1.7","MIT","https://github.com/intlify/vue-i18n-next"
"@intlify/vue-devtools@9.1.7","MIT","https://github.com/intlify/vue-i18n-next"
"@nodelib/fs.scandir@2.1.5","MIT","https://github.com/nodelib/nodelib/tree/master/packages/fs/fs.scandir"
"@nodelib/fs.stat@2.0.5","MIT","https://github.com/nodelib/nodelib/tree/master/packages/fs/fs.stat"
"@nodelib/fs.walk@1.2.8","MIT","https://github.com/nodelib/nodelib/tree/master/packages/fs/fs.walk"
"@polka/url@1.0.0-next.15","MIT","https://github.com/lukeed/polka"
"@positron/stack-trace@1.0.0","MIT","https://github.com/felixge/node-stack-trace"
"@protobufjs/aspromise@1.1.2","BSD-3-Clause","https://github.com/dcodeIO/protobuf.js"
"@protobufjs/base64@1.1.2","BSD-3-Clause","https://github.com/dcodeIO/protobuf.js"
"@protobufjs/codegen@2.0.4","BSD-3-Clause","https://github.com/dcodeIO/protobuf.js"
"@protobufjs/eventemitter@1.1.0","BSD-3-Clause","https://github.com/dcodeIO/protobuf.js"
"@protobufjs/fetch@1.1.0","BSD-3-Clause","https://github.com/dcodeIO/protobuf.js"
"@protobufjs/float@1.0.2","BSD-3-Clause","https://github.com/dcodeIO/protobuf.js"
"@protobufjs/inquire@1.1.0","BSD-3-Clause","https://github.com/dcodeIO/protobuf.js"
"@protobufjs/path@1.1.2","BSD-3-Clause","https://github.com/dcodeIO/protobuf.js"
"@protobufjs/pool@1.1.0","BSD-3-Clause","https://github.com/dcodeIO/protobuf.js"
"@protobufjs/utf8@1.1.0","BSD-3-Clause","https://github.com/dcodeIO/protobuf.js"
"@quasar/app@3.0.3","MIT","https://github.com/quasarframework/quasar"
"@quasar/babel-preset-app@2.0.1","MIT","https://github.com/quasarframework/quasar"
"@quasar/extras@1.10.8","MIT","https://github.com/quasarframework/quasar"
"@quasar/fastclick@1.1.4","MIT","https://github.com/quasarframework/fastclick"
"@quasar/ssr-helpers@2.1.1","MIT","https://github.com/quasarframework/quasar"
"@sindresorhus/is@0.14.0","MIT","https://github.com/sindresorhus/is"
"@szmarczak/http-timer@1.1.2","MIT","https://github.com/szmarczak/http-timer"
"@trysound/sax@0.1.1","ISC","https://github.com/svg/sax"
"@types/body-parser@1.19.1","MIT","https://github.com/DefinitelyTyped/DefinitelyTyped"
"@types/connect-history-api-fallback@1.3.5","MIT","https://github.com/DefinitelyTyped/DefinitelyTyped"
"@types/connect@3.4.35","MIT","https://github.com/DefinitelyTyped/DefinitelyTyped"
"@types/cordova@0.0.34","MIT","https://github.com/DefinitelyTyped/DefinitelyTyped"
"@types/electron-packager@14.0.0","MIT","https://github.com/DefinitelyTyped/DefinitelyTyped"
"@types/eslint-scope@3.7.1","MIT","https://github.com/DefinitelyTyped/DefinitelyTyped"
"@types/eslint@7.28.0","MIT","https://github.com/DefinitelyTyped/DefinitelyTyped"
"@types/estree@0.0.48","MIT","https://github.com/DefinitelyTyped/DefinitelyTyped"
"@types/estree@0.0.50","MIT","https://github.com/DefinitelyTyped/DefinitelyTyped"
"@types/express-serve-static-core@4.17.24","MIT","https://github.com/DefinitelyTyped/DefinitelyTyped"
"@types/express@4.17.11","MIT","https://github.com/DefinitelyTyped/DefinitelyTyped"
"@types/html-minifier-terser@5.1.2","MIT","https://github.com/DefinitelyTyped/DefinitelyTyped"
"@types/http-proxy@1.17.7","MIT","https://github.com/DefinitelyTyped/DefinitelyTyped"
"@types/json-schema@7.0.8","MIT","https://github.com/DefinitelyTyped/DefinitelyTyped"
"@types/long@4.0.1","MIT","https://github.com/DefinitelyTyped/DefinitelyTyped"
"@types/mime@1.3.2","MIT","https://github.com/DefinitelyTyped/DefinitelyTyped"
"@types/node@14.17.5","MIT","https://github.com/DefinitelyTyped/DefinitelyTyped"
"@types/node@16.4.0","MIT","https://github.com/DefinitelyTyped/DefinitelyTyped"
"@types/parse-json@4.0.0","MIT","https://github.com/DefinitelyTyped/DefinitelyTyped"
"@types/qs@6.9.7","MIT","https://github.com/DefinitelyTyped/DefinitelyTyped"
"@types/range-parser@1.2.4","MIT","https://github.com/DefinitelyTyped/DefinitelyTyped"
"@types/retry@0.12.1","MIT","https://github.com/DefinitelyTyped/DefinitelyTyped"
"@types/serve-static@1.13.10","MIT","https://github.com/DefinitelyTyped/DefinitelyTyped"
"@types/source-list-map@0.1.2","MIT","https://github.com/DefinitelyTyped/DefinitelyTyped"
"@types/tapable@1.0.8","MIT","https://github.com/DefinitelyTyped/DefinitelyTyped"
"@types/terser-webpack-plugin@5.0.3","MIT","https://github.com/DefinitelyTyped/DefinitelyTyped"
"@types/uglify-js@3.13.1","MIT","https://github.com/DefinitelyTyped/DefinitelyTyped"
"@types/webpack-bundle-analyzer@4.4.0","MIT","https://github.com/DefinitelyTyped/DefinitelyTyped"
"@types/webpack-dev-server@3.11.3","MIT","https://github.com/DefinitelyTyped/DefinitelyTyped"
"@types/webpack-sources@2.1.1","MIT","https://github.com/DefinitelyTyped/DefinitelyTyped"
"@types/webpack@4.41.30","MIT","https://github.com/DefinitelyTyped/DefinitelyTyped"
"@vue/compiler-core@3.1.5","MIT","https://github.com/vuejs/vue-next"
"@vue/compiler-dom@3.1.5","MIT","https://github.com/vuejs/vue-next"
"@vue/compiler-sfc@3.1.5","MIT","https://github.com/vuejs/vue-next"
"@vue/compiler-ssr@3.1.5","MIT","https://github.com/vuejs/vue-next"
"@vue/devtools-api@6.0.0-beta.15","MIT","https://github.com/vuejs/vue-devtools"
"@vue/reactivity@3.1.5","MIT","https://github.com/vuejs/vue-next"
"@vue/runtime-core@3.1.5","MIT","https://github.com/vuejs/vue-next"
"@vue/runtime-dom@3.1.5","MIT","https://github.com/vuejs/vue-next"
"@vue/server-renderer@3.1.5","MIT","https://github.com/vuejs/vue-next"
"@vue/shared@3.1.5","MIT","https://github.com/vuejs/vue-next"
"@webassemblyjs/ast@1.11.1","MIT","https://github.com/xtuc/webassemblyjs"
"@webassemblyjs/floating-point-hex-parser@1.11.1","MIT","https://github.com/xtuc/webassemblyjs"
"@webassemblyjs/helper-api-error@1.11.1","MIT","https://github.com/xtuc/webassemblyjs"
"@webassemblyjs/helper-buffer@1.11.1","MIT","https://github.com/xtuc/webassemblyjs"
"@webassemblyjs/helper-numbers@1.11.1","MIT","https://github.com/xtuc/webassemblyjs"
"@webassemblyjs/helper-wasm-bytecode@1.11.1","MIT","https://github.com/xtuc/webassemblyjs"
"@webassemblyjs/helper-wasm-section@1.11.1","MIT","https://github.com/xtuc/webassemblyjs"
"@webassemblyjs/ieee754@1.11.1","MIT","https://github.com/xtuc/webassemblyjs"
"@webassemblyjs/leb128@1.11.1","Apache-2.0","https://github.com/xtuc/webassemblyjs"
"@webassemblyjs/utf8@1.11.1","MIT","https://github.com/xtuc/webassemblyjs"
"@webassemblyjs/wasm-edit@1.11.1","MIT","https://github.com/xtuc/webassemblyjs"
"@webassemblyjs/wasm-gen@1.11.1","MIT","https://github.com/xtuc/webassemblyjs"
"@webassemblyjs/wasm-opt@1.11.1","MIT","https://github.com/xtuc/webassemblyjs"
"@webassemblyjs/wasm-parser@1.11.1","MIT","https://github.com/xtuc/webassemblyjs"
"@webassemblyjs/wast-printer@1.11.1","MIT","https://github.com/xtuc/webassemblyjs"
"@xtuc/ieee754@1.2.0","BSD-3-Clause","https://github.com/feross/ieee754"
"@xtuc/long@4.2.2","Apache-2.0","https://github.com/dcodeIO/long.js"
"accepts@1.3.7","MIT","https://github.com/jshttp/accepts"
"acorn-walk@8.1.1","MIT","https://github.com/acornjs/acorn"
"acorn@8.4.1","MIT","https://github.com/acornjs/acorn"
"aggregate-error@3.1.0","MIT","https://github.com/sindresorhus/aggregate-error"
"ajv-keywords@3.5.2","MIT","https://github.com/epoberezkin/ajv-keywords"
"ajv@6.12.6","MIT","https://github.com/ajv-validator/ajv"
"ajv@8.6.2","MIT","https://github.com/ajv-validator/ajv"
"alphanum-sort@1.0.2","MIT","https://github.com/TrySound/alphanum-sort"
"ansi-escapes@4.3.2","MIT","https://github.com/sindresorhus/ansi-escapes"
"ansi-html@0.0.7","Apache-2.0","https://github.com/Tjatse/ansi-html"
"ansi-regex@2.1.1","MIT","https://github.com/chalk/ansi-regex"
"ansi-regex@4.1.0","MIT","https://github.com/chalk/ansi-regex"
"ansi-regex@5.0.0","MIT","https://github.com/chalk/ansi-regex"
"ansi-styles@3.2.1","MIT","https://github.com/chalk/ansi-styles"
"ansi-styles@4.3.0","MIT","https://github.com/chalk/ansi-styles"
"anymatch@3.1.2","ISC","https://github.com/micromatch/anymatch"
"archiver-utils@2.1.0","MIT","https://github.com/archiverjs/archiver-utils"
"archiver@5.3.0","MIT","https://github.com/archiverjs/node-archiver"
"array-flatten@1.1.1","MIT","https://github.com/blakeembrey/array-flatten"
"array-flatten@2.1.2","MIT","https://github.com/blakeembrey/array-flatten"
"array-union@2.1.0","MIT","https://github.com/sindresorhus/array-union"
"astral-regex@2.0.0","MIT","https://github.com/kevva/astral-regex"
"async@2.6.3","MIT","https://github.com/caolan/async"
"async@3.2.0","MIT","https://github.com/caolan/async"
"at-least-node@1.0.0","ISC","https://github.com/RyanZim/at-least-node"
"autoprefixer@10.3.1","MIT","https://github.com/postcss/autoprefixer"
"axios@0.21.1","MIT","https://github.com/axios/axios"
"babel-loader@8.2.2","MIT","https://github.com/babel/babel-loader"
"babel-plugin-dynamic-import-node@2.3.3","MIT","https://github.com/airbnb/babel-plugin-dynamic-import-node"
"babel-plugin-module-resolver@4.1.0","MIT","https://github.com/tleunen/babel-plugin-module-resolver"
"babel-plugin-polyfill-corejs2@0.2.2","MIT","https://github.com/babel/babel-polyfills"
"babel-plugin-polyfill-corejs3@0.2.3","MIT","https://github.com/babel/babel-polyfills"
"babel-plugin-polyfill-regenerator@0.2.2","MIT","https://github.com/babel/babel-polyfills"
"balanced-match@1.0.2","MIT","https://github.com/juliangruber/balanced-match"
"base64-js@1.5.1","MIT","https://github.com/beatgammit/base64-js"
"batch@0.6.1","MIT","https://github.com/visionmedia/batch"
"big.js@5.2.2","MIT","https://github.com/MikeMcl/big.js"
"binary-extensions@2.2.0","MIT","https://github.com/sindresorhus/binary-extensions"
"bl@4.1.0","MIT","https://github.com/rvagg/bl"
"bluebird@3.7.2","MIT","https://github.com/petkaantonov/bluebird"
"body-parser@1.19.0","MIT","https://github.com/expressjs/body-parser"
"bonjour@3.5.0","MIT","https://github.com/watson/bonjour"
"boolbase@1.0.0","ISC","https://github.com/fb55/boolbase"
"boolean@3.1.2","MIT","https://github.com/thenativeweb/boolean"
"brace-expansion@1.1.11","MIT","https://github.com/juliangruber/brace-expansion"
"braces@3.0.2","MIT","https://github.com/micromatch/braces"
"browserslist@4.16.6","MIT","https://github.com/browserslist/browserslist"
"buffer-alloc-unsafe@1.1.0","MIT","https://github.com/LinusU/buffer-alloc-unsafe"
"buffer-alloc@1.2.0","MIT","https://github.com/LinusU/buffer-alloc"
"buffer-crc32@0.2.13","MIT","https://github.com/brianloveswords/buffer-crc32"
"buffer-fill@1.0.0","MIT","https://github.com/LinusU/buffer-fill"
"buffer-from@1.1.1","MIT","https://github.com/LinusU/buffer-from"
"buffer-indexof@1.1.1","MIT","https://github.com/soldair/node-buffer-indexof"
"buffer@5.7.1","MIT","https://github.com/feross/buffer"
"bytes@3.0.0","MIT","https://github.com/visionmedia/bytes.js"
"bytes@3.1.0","MIT","https://github.com/visionmedia/bytes.js"
"cacheable-request@6.1.0","MIT","https://github.com/lukechilds/cacheable-request"
"call-bind@1.0.2","MIT","https://github.com/ljharb/call-bind"
"callforth@0.3.1","MIT","https://github.com/gruhn/callforth"
"callsites@3.1.0","MIT","https://github.com/sindresorhus/callsites"
"camel-case@3.0.0","MIT","https://github.com/blakeembrey/camel-case"
"camel-case@4.1.2","MIT","https://github.com/blakeembrey/change-case"
"camelcase@5.3.1","MIT","https://github.com/sindresorhus/camelcase"
"caniuse-api@3.0.0","MIT","https://github.com/nyalab/caniuse-api"
"caniuse-lite@1.0.30001246","CC-BY-4.0","https://github.com/browserslist/caniuse-lite"
"chalk@2.4.2","MIT","https://github.com/chalk/chalk"
"chalk@4.1.1","MIT","https://github.com/chalk/chalk"
"chardet@0.7.0","MIT","https://github.com/runk/node-chardet"
"chokidar@3.5.2","MIT","https://github.com/paulmillr/chokidar"
"chrome-trace-event@1.0.3","MIT","https://github.com/samccone/chrome-trace-event"
"ci-info@3.2.0","MIT","https://github.com/watson/ci-info"
"clean-css@4.2.3","MIT","https://github.com/jakubpawlowicz/clean-css"
"clean-stack@2.2.0","MIT","https://github.com/sindresorhus/clean-stack"
"cli-cursor@3.1.0","MIT","https://github.com/sindresorhus/cli-cursor"
"cli-spinners@2.6.0","MIT","https://github.com/sindresorhus/cli-spinners"
"cli-width@3.0.0","ISC","https://github.com/knownasilya/cli-width"
"cliui@5.0.0","ISC","https://github.com/yargs/cliui"
"cliui@7.0.4","ISC","https://github.com/yargs/cliui"
"clone-deep@4.0.1","MIT","https://github.com/jonschlinkert/clone-deep"
"clone-response@1.0.2","MIT","https://github.com/lukechilds/clone-response"
"clone@1.0.4","MIT","https://github.com/pvorb/node-clone"
"color-convert@1.9.3","MIT","https://github.com/Qix-/color-convert"
"color-convert@2.0.1","MIT","https://github.com/Qix-/color-convert"
"color-name@1.1.3","MIT","https://github.com/dfcreative/color-name"
"color-name@1.1.4","MIT","https://github.com/colorjs/color-name"
"colord@2.3.0","MIT","https://github.com/omgovich/colord"
"colorette@1.2.2","MIT","https://github.com/jorgebucaran/colorette"
"commander@2.20.3","MIT","https://github.com/tj/commander.js"
"commander@4.1.1","MIT","https://github.com/tj/commander.js"
"commander@6.2.1","MIT","https://github.com/tj/commander.js"
"commander@7.2.0","MIT","https://github.com/tj/commander.js"
"commondir@1.0.1","MIT","https://github.com/substack/node-commondir"
"compare-version@0.1.2","MIT","https://github.com/kevva/compare-version"
"compress-commons@4.1.1","MIT","https://github.com/archiverjs/node-compress-commons"
"compressible@2.0.18","MIT","https://github.com/jshttp/compressible"
"compression-webpack-plugin@8.0.1","MIT","https://github.com/webpack-contrib/compression-webpack-plugin"
"compression@1.7.4","MIT","https://github.com/expressjs/compression"
"concat-map@0.0.1","MIT","https://github.com/substack/node-concat-map"
"concat-stream@1.6.2","MIT","https://github.com/maxogden/concat-stream"
"config-chain@1.1.13","MIT","https://github.com/dominictarr/config-chain"
"connect-history-api-fallback@1.6.0","MIT","https://github.com/bripkens/connect-history-api-fallback"
"consolidate@0.16.0","MIT","https://github.com/tj/consolidate.js"
"content-disposition@0.5.3","MIT","https://github.com/jshttp/content-disposition"
"content-type@1.0.4","MIT","https://github.com/jshttp/content-type"
"convert-source-map@1.8.0","MIT","https://github.com/thlorenz/convert-source-map"
"cookie-signature@1.0.6","MIT","https://github.com/visionmedia/node-cookie-signature"
"cookie@0.4.0","MIT","https://github.com/jshttp/cookie"
"copy-webpack-plugin@9.0.1","MIT","https://github.com/webpack-contrib/copy-webpack-plugin"
"core-js-compat@3.15.2","MIT","https://github.com/zloirock/core-js"
"core-js@3.15.2","MIT","https://github.com/zloirock/core-js"
"core-js@3.6.5","MIT","https://github.com/zloirock/core-js"
"core-util-is@1.0.2","MIT","https://github.com/isaacs/core-util-is"
"cosmiconfig@6.0.0","MIT","https://github.com/davidtheclark/cosmiconfig"
"cosmiconfig@7.0.0","MIT","https://github.com/davidtheclark/cosmiconfig"
"crc-32@1.2.0","Apache-2.0","https://github.com/SheetJS/js-crc32"
"crc32-stream@4.0.2","MIT","https://github.com/archiverjs/node-crc32-stream"
"cross-spawn@7.0.3","MIT","https://github.com/moxystudio/node-cross-spawn"
"css-color-names@0.0.4","MIT","https://github.com/bahamas10/css-color-names"
"css-color-names@1.0.1","MIT","https://github.com/bahamas10/css-color-names"
"css-declaration-sorter@6.0.3","ISC","https://github.com/Siilwyn/css-declaration-sorter"
"css-loader@5.2.6","MIT","https://github.com/webpack-contrib/css-loader"
"css-minimizer-webpack-plugin@3.0.2","MIT","https://github.com/webpack-contrib/css-minimizer-webpack-plugin"
"css-select@4.1.3","BSD-2-Clause","https://github.com/fb55/css-select"
"css-tree@1.1.3","MIT","https://github.com/csstree/csstree"
"css-what@5.0.1","BSD-2-Clause","https://github.com/fb55/css-what"
"cssesc@3.0.0","MIT","https://github.com/mathiasbynens/cssesc"
"cssnano-preset-default@5.1.3","MIT","https://github.com/cssnano/cssnano"
"cssnano-utils@2.0.1","MIT","https://github.com/cssnano/cssnano"
"cssnano@5.0.6","MIT","https://github.com/cssnano/cssnano"
"csso@4.2.0","MIT","https://github.com/css/csso"
"csstype@2.6.17","MIT","https://github.com/frenic/csstype"
"debug@2.6.9","MIT","https://github.com/visionmedia/debug"
"debug@3.2.7","MIT","https://github.com/visionmedia/debug"
"debug@4.3.2","MIT","https://github.com/visionmedia/debug"
"decamelize@1.2.0","MIT","https://github.com/sindresorhus/decamelize"
"decompress-response@3.3.0","MIT","https://github.com/sindresorhus/decompress-response"
"deep-equal@1.1.1","MIT","https://github.com/substack/node-deep-equal"
"deepmerge@1.5.2","MIT","https://github.com/KyleAMathews/deepmerge"
"deepmerge@4.2.2","MIT","https://github.com/TehShrike/deepmerge"
"default-gateway@6.0.3","BSD-2-Clause","https://github.com/silverwind/default-gateway"
"defaults@1.0.3","MIT","https://github.com/tmpvar/defaults"
"defer-to-connect@1.1.3","MIT","https://github.com/szmarczak/defer-to-connect"
"define-properties@1.1.3","MIT","https://github.com/ljharb/define-properties"
"del@6.0.0","MIT","https://github.com/sindresorhus/del"
"depd@1.1.2","MIT","https://github.com/dougwilson/nodejs-depd"
"destroy@1.0.4","MIT","https://github.com/stream-utils/destroy"
"detect-node@2.1.0","MIT","https://github.com/iliakan/detect-node"
"dijkstrajs@1.0.2","MIT","https://github.com/tcort/dijkstrajs"
"dir-glob@3.0.1","MIT","https://github.com/kevva/dir-glob"
"dns-equal@1.0.0","MIT","https://github.com/watson/dns-equal"
"dns-packet@1.3.4","MIT","https://github.com/mafintosh/dns-packet"
"dns-txt@2.0.2","MIT","https://github.com/watson/dns-txt"
"dom-converter@0.2.0","MIT","https://github.com/AriaMinaei/dom-converter"
"dom-serializer@1.3.2","MIT","https://github.com/cheeriojs/dom-renderer"
"dom-storage@2.1.0","MIT*","git://git.coolaj86.com/coolaj86/dom-storage.js"
"domelementtype@2.2.0","BSD-2-Clause","https://github.com/fb55/domelementtype"
"domhandler@4.2.0","BSD-2-Clause","https://github.com/fb55/domhandler"
"domutils@2.7.0","BSD-2-Clause","https://github.com/fb55/domutils"
"dot-case@3.0.4","MIT","https://github.com/blakeembrey/change-case"
"dot-prop@6.0.1","MIT","https://github.com/sindresorhus/dot-prop"
"duplexer3@0.1.4","BSD-3-Clause","https://github.com/floatdrop/duplexer3"
"duplexer@0.1.2","MIT","https://github.com/Raynos/duplexer"
"ee-first@1.1.1","MIT","https://github.com/jonathanong/ee-first"
"ejs@2.7.4","Apache-2.0","https://github.com/mde/ejs"
"electron-notarize@0.1.1","MIT",""
"electron-osx-sign@0.4.17","BSD-2-Clause","https://github.com/electron-userland/electron-osx-sign"
"electron-to-chromium@1.3.782","ISC","https://github.com/kilian/electron-to-chromium"
"electron@13.1.7","MIT","https://github.com/electron/electron"
"elementtree@0.1.7","Apache-2.0","https://github.com/racker/node-elementtree"
"emoji-regex@7.0.3","MIT","https://github.com/mathiasbynens/emoji-regex"
"emoji-regex@8.0.0","MIT","https://github.com/mathiasbynens/emoji-regex"
"emojis-list@3.0.0","MIT","https://github.com/kikobeats/emojis-list"
"encodeurl@1.0.2","MIT","https://github.com/pillarjs/encodeurl"
"end-of-stream@1.4.4","MIT","https://github.com/mafintosh/end-of-stream"
"enhanced-resolve@4.5.0","MIT","https://github.com/webpack/enhanced-resolve"
"enhanced-resolve@5.8.2","MIT","https://github.com/webpack/enhanced-resolve"
"entities@2.2.0","BSD-2-Clause","https://github.com/fb55/entities"
"env-paths@2.2.1","MIT","https://github.com/sindresorhus/env-paths"
"errno@0.1.8","MIT","https://github.com/rvagg/node-errno"
"error-ex@1.3.2","MIT","https://github.com/qix-/node-error-ex"
"error-stack-parser@2.0.6","MIT","https://github.com/stacktracejs/error-stack-parser"
"es-module-lexer@0.7.1","MIT","https://github.com/guybedford/es-module-lexer"
"es6-error@4.1.1","MIT","https://github.com/bjyoungblood/es6-error"
"escalade@3.1.1","MIT","https://github.com/lukeed/escalade"
"escape-html@1.0.3","MIT","https://github.com/component/escape-html"
"escape-string-regexp@1.0.5","MIT","https://github.com/sindresorhus/escape-string-regexp"
"escape-string-regexp@4.0.0","MIT","https://github.com/sindresorhus/escape-string-regexp"
"eslint-scope@5.1.1","BSD-2-Clause","https://github.com/eslint/eslint-scope"
"esrecurse@4.3.0","BSD-2-Clause","https://github.com/estools/esrecurse"
"estraverse@4.3.0","BSD-2-Clause","https://github.com/estools/estraverse"
"estraverse@5.2.0","BSD-2-Clause","https://github.com/estools/estraverse"
"estree-walker@2.0.2","MIT","https://github.com/Rich-Harris/estree-walker"
"esutils@2.0.3","BSD-2-Clause","https://github.com/estools/esutils"
"etag@1.8.1","MIT","https://github.com/jshttp/etag"
"eventemitter3@4.0.7","MIT","https://github.com/primus/eventemitter3"
"events@3.3.0","MIT","https://github.com/Gozala/events"
"execa@5.1.1","MIT","https://github.com/sindresorhus/execa"
"exit-on-epipe@1.0.1","Apache-2.0","https://github.com/SheetJS/node-exit-on-epipe"
"express@4.17.1","MIT","https://github.com/expressjs/express"
"external-editor@3.1.0","MIT","https://github.com/mrkmg/node-external-editor"
"extract-zip@1.7.0","BSD-2-Clause","https://github.com/maxogden/extract-zip"
"fast-deep-equal@3.1.3","MIT","https://github.com/epoberezkin/fast-deep-equal"
"fast-glob@3.2.7","MIT","https://github.com/mrmlnc/fast-glob"
"fast-json-stable-stringify@2.1.0","MIT","https://github.com/epoberezkin/fast-json-stable-stringify"
"fastq@1.11.1","ISC","https://github.com/mcollina/fastq"
"faye-websocket@0.11.3","Apache-2.0","https://github.com/faye/faye-websocket-node"
"fd-slicer@1.1.0","MIT","https://github.com/andrewrk/node-fd-slicer"
"figures@3.2.0","MIT","https://github.com/sindresorhus/figures"
"file-loader@6.2.0","MIT","https://github.com/webpack-contrib/file-loader"
"fill-range@7.0.1","MIT","https://github.com/jonschlinkert/fill-range"
"finalhandler@1.1.2","MIT","https://github.com/pillarjs/finalhandler"
"find-babel-config@1.2.0","MIT","https://github.com/tleunen/find-babel-config"
"find-cache-dir@3.3.1","MIT","https://github.com/avajs/find-cache-dir"
"find-up@3.0.0","MIT","https://github.com/sindresorhus/find-up"
"find-up@4.1.0","MIT","https://github.com/sindresorhus/find-up"
"find-up@5.0.0","MIT","https://github.com/sindresorhus/find-up"
"firebase@8.7.1","Apache-2.0","https://github.com/firebase/firebase-js-sdk"
"follow-redirects@1.14.1","MIT","https://github.com/follow-redirects/follow-redirects"
"fork-ts-checker-webpack-plugin@6.1.0","MIT","https://github.com/TypeStrong/fork-ts-checker-webpack-plugin"
"forwarded@0.2.0","MIT","https://github.com/jshttp/forwarded"
"fraction.js@4.1.1","MIT","https://github.com/infusion/Fraction.js"
"fresh@0.5.2","MIT","https://github.com/jshttp/fresh"
"fs-constants@1.0.0","MIT","https://github.com/mafintosh/fs-constants"
"fs-extra@10.0.0","MIT","https://github.com/jprichardson/node-fs-extra"
"fs-extra@8.1.0","MIT","https://github.com/jprichardson/node-fs-extra"
"fs-extra@9.1.0","MIT","https://github.com/jprichardson/node-fs-extra"
"fs-monkey@1.0.3","Unlicense","https://github.com/streamich/fs-monkey"
"fs.realpath@1.0.0","ISC","https://github.com/isaacs/fs.realpath"
"fsevents@2.3.2","MIT","https://github.com/fsevents/fsevents"
"function-bind@1.1.1","MIT","https://github.com/Raynos/function-bind"
"generic-names@2.0.1","MIT","https://github.com/css-modules/generic-names"
"gensync@1.0.0-beta.2","MIT","https://github.com/loganfsmyth/gensync"
"get-caller-file@2.0.5","ISC","https://github.com/stefanpenner/get-caller-file"
"get-intrinsic@1.1.1","MIT","https://github.com/ljharb/get-intrinsic"
"get-stream@4.1.0","MIT","https://github.com/sindresorhus/get-stream"
"get-stream@5.2.0","MIT","https://github.com/sindresorhus/get-stream"
"get-stream@6.0.1","MIT","https://github.com/sindresorhus/get-stream"
"glob-parent@5.1.2","ISC","https://github.com/gulpjs/glob-parent"
"glob-parent@6.0.1","ISC","https://github.com/gulpjs/glob-parent"
"glob-to-regexp@0.4.1","BSD-2-Clause","https://github.com/fitzgen/glob-to-regexp"
"glob@7.1.7","ISC","https://github.com/isaacs/node-glob"
"global-agent@2.2.0","BSD-3-Clause","https://github.com/gajus/global-agent"
"global-tunnel-ng@2.7.1","BSD-3-Clause","https://github.com/np-maintain/global-tunnel"
"globals@11.12.0","MIT","https://github.com/sindresorhus/globals"
"globalthis@1.0.2","MIT","https://github.com/ljharb/System.global"
"globby@11.0.4","MIT","https://github.com/sindresorhus/globby"
"got@9.6.0","MIT","https://github.com/sindresorhus/got"
"graceful-fs@4.2.6","ISC","https://github.com/isaacs/node-graceful-fs"
"gzip-size@6.0.0","MIT","https://github.com/sindresorhus/gzip-size"
"handle-thing@2.0.1","MIT","https://github.com/indutny/handle-thing"
"has-flag@3.0.0","MIT","https://github.com/sindresorhus/has-flag"
"has-flag@4.0.0","MIT","https://github.com/sindresorhus/has-flag"
"has-symbols@1.0.2","MIT","https://github.com/inspect-js/has-symbols"
"has@1.0.3","MIT","https://github.com/tarruda/has"
"hash-sum@1.0.2","MIT","https://github.com/bevacqua/hash-sum"
"hash-sum@2.0.0","MIT","https://github.com/bevacqua/hash-sum"
"he@1.2.0","MIT","https://github.com/mathiasbynens/he"
"hex-color-regex@1.1.0","MIT","https://github.com/regexps/hex-color-regex"
"hpack.js@2.1.6","MIT","https://github.com/indutny/hpack.js"
"hsl-regex@1.0.0","MIT","https://github.com/regexps/hsl-regex"
"hsla-regex@1.0.0","MIT","https://github.com/regexps/hsla-regex"
"html-entities@2.3.2","MIT","https://github.com/mdevils/html-entities"
"html-minifier-terser@5.1.1","MIT","https://github.com/DanielRuf/html-minifier-terser"
"html-minifier@4.0.0","MIT","https://github.com/kangax/html-minifier"
"html-webpack-plugin@5.3.2","MIT","https://github.com/jantimon/html-webpack-plugin"
"htmlparser2@6.1.0","MIT","https://github.com/fb55/htmlparser2"
"http-cache-semantics@4.1.0","BSD-2-Clause","https://github.com/kornelski/http-cache-semantics"
"http-deceiver@1.2.7","MIT","https://github.com/indutny/http-deceiver"
"http-errors@1.6.3","MIT","https://github.com/jshttp/http-errors"
"http-errors@1.7.2","MIT","https://github.com/jshttp/http-errors"
"http-parser-js@0.5.3","MIT","https://github.com/creationix/http-parser-js"
"http-proxy-middleware@1.3.1","MIT","https://github.com/chimurai/http-proxy-middleware"
"http-proxy@1.18.1","MIT","https://github.com/http-party/node-http-proxy"
"human-signals@2.1.0","Apache-2.0","https://github.com/ehmicky/human-signals"
"iconv-lite@0.4.24","MIT","https://github.com/ashtuchkin/iconv-lite"
"icss-replace-symbols@1.1.0","ISC","https://github.com/css-modules/icss-replace-symbols"
"icss-utils@5.1.0","ISC","https://github.com/css-modules/icss-utils"
"idb@3.0.2","ISC","https://github.com/jakearchibald/indexeddb-promised"
"ieee754@1.2.1","BSD-3-Clause","https://github.com/feross/ieee754"
"ignore@5.1.8","MIT","https://github.com/kaelzhang/node-ignore"
"import-fresh@3.3.0","MIT","https://github.com/sindresorhus/import-fresh"
"indent-string@4.0.0","MIT","https://github.com/sindresorhus/indent-string"
"inflight@1.0.6","ISC","https://github.com/npm/inflight"
"inherits@2.0.3","ISC","https://github.com/isaacs/inherits"
"inherits@2.0.4","ISC","https://github.com/isaacs/inherits"
"ini@1.3.8","ISC","https://github.com/isaacs/ini"
"inquirer@8.1.2","MIT","https://github.com/SBoudrias/Inquirer.js"
"internal-ip@6.2.0","MIT","https://github.com/sindresorhus/internal-ip"
"ip-regex@4.3.0","MIT","https://github.com/sindresorhus/ip-regex"
"ip@1.1.5","MIT","https://github.com/indutny/node-ip"
"ipaddr.js@1.9.1","MIT","https://github.com/whitequark/ipaddr.js"
"ipaddr.js@2.0.1","MIT","https://github.com/whitequark/ipaddr.js"
"is-absolute-url@3.0.3","MIT","https://github.com/sindresorhus/is-absolute-url"
"is-arguments@1.1.0","MIT","https://github.com/inspect-js/is-arguments"
"is-arrayish@0.2.1","MIT","https://github.com/qix-/node-is-arrayish"
"is-binary-path@2.1.0","MIT","https://github.com/sindresorhus/is-binary-path"
"is-color-stop@1.1.0","MIT","https://github.com/pigcan/is-color-stop"
"is-core-module@2.5.0","MIT","https://github.com/inspect-js/is-core-module"
"is-date-object@1.0.4","MIT","https://github.com/inspect-js/is-date-object"
"is-docker@2.2.1","MIT","https://github.com/sindresorhus/is-docker"
"is-extglob@2.1.1","MIT","https://github.com/jonschlinkert/is-extglob"
"is-fullwidth-code-point@2.0.0","MIT","https://github.com/sindresorhus/is-fullwidth-code-point"
"is-fullwidth-code-point@3.0.0","MIT","https://github.com/sindresorhus/is-fullwidth-code-point"
"is-glob@4.0.1","MIT","https://github.com/micromatch/is-glob"
"is-interactive@1.0.0","MIT","https://github.com/sindresorhus/is-interactive"
"is-ip@3.1.0","MIT","https://github.com/sindresorhus/is-ip"
"is-number@7.0.0","MIT","https://github.com/jonschlinkert/is-number"
"is-obj@2.0.0","MIT","https://github.com/sindresorhus/is-obj"
"is-path-cwd@2.2.0","MIT","https://github.com/sindresorhus/is-path-cwd"
"is-path-inside@3.0.3","MIT","https://github.com/sindresorhus/is-path-inside"
"is-plain-obj@3.0.0","MIT","https://github.com/sindresorhus/is-plain-obj"
"is-plain-object@2.0.4","MIT","https://github.com/jonschlinkert/is-plain-object"
"is-regex@1.1.3","MIT","https://github.com/inspect-js/is-regex"
"is-resolvable@1.1.0","ISC","https://github.com/shinnn/is-resolvable"
"is-stream@2.0.0","MIT","https://github.com/sindresorhus/is-stream"
"is-unicode-supported@0.1.0","MIT","https://github.com/sindresorhus/is-unicode-supported"
"is-wsl@2.2.0","MIT","https://github.com/sindresorhus/is-wsl"
"isarray@1.0.0","MIT","https://github.com/juliangruber/isarray"
"isarray@2.0.5","MIT","https://github.com/juliangruber/isarray"
"isbinaryfile@3.0.3","MIT","https://github.com/gjtorikian/isBinaryFile"
"isbinaryfile@4.0.8","MIT","https://github.com/gjtorikian/isBinaryFile"
"isexe@2.0.0","ISC","https://github.com/isaacs/isexe"
"isobject@3.0.1","MIT","https://github.com/jonschlinkert/isobject"
"javascript-stringify@2.1.0","MIT","https://github.com/blakeembrey/javascript-stringify"
"jest-worker@27.0.6","MIT","https://github.com/facebook/jest"
"jquery@3.6.0","MIT","https://github.com/jquery/jquery"
"js-tokens@4.0.0","MIT","https://github.com/lydell/js-tokens"
"jsesc@0.5.0","MIT","https://github.com/mathiasbynens/jsesc"
"jsesc@2.5.2","MIT","https://github.com/mathiasbynens/jsesc"
"json-buffer@3.0.0","MIT","https://github.com/dominictarr/json-buffer"
"json-parse-better-errors@1.0.2","MIT","https://github.com/zkat/json-parse-better-errors"
"json-parse-even-better-errors@2.3.1","MIT","https://github.com/npm/json-parse-even-better-errors"
"json-schema-traverse@0.4.1","MIT","https://github.com/epoberezkin/json-schema-traverse"
"json-schema-traverse@1.0.0","MIT","https://github.com/epoberezkin/json-schema-traverse"
"json-stringify-safe@5.0.1","ISC","https://github.com/isaacs/json-stringify-safe"
"json5@0.5.1","MIT","https://github.com/aseemk/json5"
"json5@1.0.1","MIT","https://github.com/json5/json5"
"json5@2.2.0","MIT","https://github.com/json5/json5"
"jsonfile@4.0.0","MIT","https://github.com/jprichardson/node-jsonfile"
"jsonfile@6.1.0","MIT","https://github.com/jprichardson/node-jsonfile"
"jsqr@1.4.0","Apache-2.0","https://github.com/cozmo/jsQR"
"keyv@3.1.0","MIT","https://github.com/lukechilds/keyv"
"killable@1.0.1","ISC","https://github.com/marten-de-vries/killable"
"kind-of@6.0.3","MIT","https://github.com/jonschlinkert/kind-of"
"klona@2.0.4","MIT","https://github.com/lukeed/klona"
"kopochecker@0.0.1","UNLICENSED",""
"launch-editor-middleware@2.2.1","MIT","https://github.com/yyx990803/launch-editor"
"launch-editor@2.2.1","MIT","https://github.com/yyx990803/launch-editor"
"lazystream@1.0.0","MIT","https://github.com/jpommerening/node-lazystream"
"lines-and-columns@1.1.6","MIT","https://github.com/eventualbuddha/lines-and-columns"
"loader-runner@4.2.0","MIT","https://github.com/webpack/loader-runner"
"loader-utils@1.4.0","MIT","https://github.com/webpack/loader-utils"
"loader-utils@2.0.0","MIT","https://github.com/webpack/loader-utils"
"locate-path@3.0.0","MIT","https://github.com/sindresorhus/locate-path"
"locate-path@5.0.0","MIT","https://github.com/sindresorhus/locate-path"
"locate-path@6.0.0","MIT","https://github.com/sindresorhus/locate-path"
"lodash._reinterpolate@3.0.0","MIT","https://github.com/lodash/lodash"
"lodash.camelcase@4.3.0","MIT","https://github.com/lodash/lodash"
"lodash.clonedeep@4.5.0","MIT","https://github.com/lodash/lodash"
"lodash.debounce@4.0.8","MIT","https://github.com/lodash/lodash"
"lodash.defaults@4.2.0","MIT","https://github.com/lodash/lodash"
"lodash.difference@4.5.0","MIT","https://github.com/lodash/lodash"
"lodash.flatten@4.4.0","MIT","https://github.com/lodash/lodash"
"lodash.isplainobject@4.0.6","MIT","https://github.com/lodash/lodash"
"lodash.memoize@4.1.2","MIT","https://github.com/lodash/lodash"
"lodash.template@4.5.0","MIT","https://github.com/lodash/lodash"
"lodash.templatesettings@4.2.0","MIT","https://github.com/lodash/lodash"
"lodash.throttle@4.1.1","MIT","https://github.com/lodash/lodash"
"lodash.truncate@4.4.2","MIT","https://github.com/lodash/lodash"
"lodash.union@4.6.0","MIT","https://github.com/lodash/lodash"
"lodash.uniq@4.5.0","MIT","https://github.com/lodash/lodash"
"lodash@4.17.21","MIT","https://github.com/lodash/lodash"
"log-symbols@4.1.0","MIT","https://github.com/sindresorhus/log-symbols"
"log-update@4.0.0","MIT","https://github.com/sindresorhus/log-update"
"long@4.0.0","Apache-2.0","https://github.com/dcodeIO/long.js"
"lower-case@1.1.4","MIT","https://github.com/blakeembrey/lower-case"
"lower-case@2.0.2","MIT","https://github.com/blakeembrey/change-case"
"lowercase-keys@1.0.1","MIT","https://github.com/sindresorhus/lowercase-keys"
"lowercase-keys@2.0.0","MIT","https://github.com/sindresorhus/lowercase-keys"
"lru-cache@5.1.1","ISC","https://github.com/isaacs/node-lru-cache"
"lru-cache@6.0.0","ISC","https://github.com/isaacs/node-lru-cache"
"magic-string@0.25.7","MIT","https://github.com/rich-harris/magic-string"
"make-dir@3.1.0","MIT","https://github.com/sindresorhus/make-dir"
"map-age-cleaner@0.1.3","MIT","https://github.com/SamVerschueren/map-age-cleaner"
"matcher@3.0.0","MIT","https://github.com/sindresorhus/matcher"
"mdn-data@2.0.14","CC0-1.0","https://github.com/mdn/data"
"media-typer@0.3.0","MIT","https://github.com/jshttp/media-typer"
"mem@8.1.1","MIT","https://github.com/sindresorhus/mem"
"memfs@3.2.2","Unlicense","https://github.com/streamich/memfs"
"memory-fs@0.5.0","MIT","https://github.com/webpack/memory-fs"
"merge-descriptors@1.0.1","MIT","https://github.com/component/merge-descriptors"
"merge-source-map@1.1.0","MIT","https://github.com/keik/merge-source-map"
"merge-stream@2.0.0","MIT","https://github.com/grncdr/merge-stream"
"merge2@1.4.1","MIT","https://github.com/teambition/merge2"
"methods@1.1.2","MIT","https://github.com/jshttp/methods"
"micromatch@4.0.4","MIT","https://github.com/micromatch/micromatch"
"mime-db@1.48.0","MIT","https://github.com/jshttp/mime-db"
"mime-types@2.1.31","MIT","https://github.com/jshttp/mime-types"
"mime@1.6.0","MIT","https://github.com/broofa/node-mime"
"mime@2.5.2","MIT","https://github.com/broofa/mime"
"mimic-fn@2.1.0","MIT","https://github.com/sindresorhus/mimic-fn"
"mimic-fn@3.1.0","MIT","https://github.com/sindresorhus/mimic-fn"
"mimic-response@1.0.1","MIT","https://github.com/sindresorhus/mimic-response"
"mini-css-extract-plugin@1.6.0","MIT","https://github.com/webpack-contrib/mini-css-extract-plugin"
"minimalistic-assert@1.0.1","ISC","https://github.com/calvinmetcalf/minimalistic-assert"
"minimatch@3.0.4","ISC","https://github.com/isaacs/minimatch"
"minimist@1.2.5","MIT","https://github.com/substack/minimist"
"mkdirp@0.5.5","MIT","https://github.com/substack/node-mkdirp"
"mkdirp@1.0.4","MIT","https://github.com/isaacs/node-mkdirp"
"ms@2.0.0","MIT","https://github.com/zeit/ms"
"ms@2.1.1","MIT","https://github.com/zeit/ms"
"ms@2.1.2","MIT","https://github.com/zeit/ms"
"multicast-dns-service-types@1.1.0","MIT","https://github.com/mafintosh/multicast-dns-service-types"
"multicast-dns@6.2.3","MIT","https://github.com/mafintosh/multicast-dns"
"mute-stream@0.0.8","ISC","https://github.com/isaacs/mute-stream"
"nanoid@3.1.23","MIT","https://github.com/ai/nanoid"
"negotiator@0.6.2","MIT","https://github.com/jshttp/negotiator"
"neo-async@2.6.2","MIT","https://github.com/suguru03/neo-async"
"no-case@2.3.2","MIT","https://github.com/blakeembrey/no-case"
"no-case@3.0.4","MIT","https://github.com/blakeembrey/change-case"
"node-fetch@2.6.1","MIT","https://github.com/bitinn/node-fetch"
"node-forge@0.10.0","(BSD-3-Clause OR GPL-2.0)","https://github.com/digitalbazaar/forge"
"node-loader@2.0.0","MIT","https://github.com/webpack-contrib/node-loader"
"node-releases@1.1.73","MIT","https://github.com/chicoxyzzy/node-releases"
"normalize-path@3.0.0","MIT","https://github.com/jonschlinkert/normalize-path"
"normalize-range@0.1.2","MIT","https://github.com/jamestalmage/normalize-range"
"normalize-url@4.5.1","MIT","https://github.com/sindresorhus/normalize-url"
"normalize-url@6.1.0","MIT","https://github.com/sindresorhus/normalize-url"
"npm-conf@1.1.3","MIT","https://github.com/kevva/npm-conf"
"npm-run-path@4.0.1","MIT","https://github.com/sindresorhus/npm-run-path"
"nth-check@2.0.0","BSD-2-Clause","https://github.com/fb55/nth-check"
"null-loader@4.0.1","MIT","https://github.com/webpack-contrib/null-loader"
"object-is@1.1.5","MIT","https://github.com/es-shims/object-is"
"object-keys@1.1.1","MIT","https://github.com/ljharb/object-keys"
"object.assign@4.1.2","MIT","https://github.com/ljharb/object.assign"
"obuf@1.1.2","MIT","https://github.com/indutny/offset-buffer"
"on-finished@2.3.0","MIT","https://github.com/jshttp/on-finished"
"on-headers@1.0.2","MIT","https://github.com/jshttp/on-headers"
"once@1.4.0","ISC","https://github.com/isaacs/once"
"onetime@5.1.2","MIT","https://github.com/sindresorhus/onetime"
"open@7.1.0","MIT","https://github.com/sindresorhus/open"
"open@7.4.2","MIT","https://github.com/sindresorhus/open"
"opener@1.5.2","(WTFPL OR MIT)","https://github.com/domenic/opener"
"ora@5.4.1","MIT","https://github.com/sindresorhus/ora"
"os-tmpdir@1.0.2","MIT","https://github.com/sindresorhus/os-tmpdir"
"ouch@2.0.0","MIT","https://github.com/quorrajs/Ouch"
"p-cancelable@1.1.0","MIT","https://github.com/sindresorhus/p-cancelable"
"p-defer@1.0.0","MIT","https://github.com/sindresorhus/p-defer"
"p-event@4.2.0","MIT","https://github.com/sindresorhus/p-event"
"p-finally@1.0.0","MIT","https://github.com/sindresorhus/p-finally"
"p-limit@2.3.0","MIT","https://github.com/sindresorhus/p-limit"
"p-limit@3.1.0","MIT","https://github.com/sindresorhus/p-limit"
"p-locate@3.0.0","MIT","https://github.com/sindresorhus/p-locate"
"p-locate@4.1.0","MIT","https://github.com/sindresorhus/p-locate"
"p-locate@5.0.0","MIT","https://github.com/sindresorhus/p-locate"
"p-map@4.0.0","MIT","https://github.com/sindresorhus/p-map"
"p-retry@4.6.1","MIT","https://github.com/sindresorhus/p-retry"
"p-timeout@3.2.0","MIT","https://github.com/sindresorhus/p-timeout"
"p-try@2.2.0","MIT","https://github.com/sindresorhus/p-try"
"param-case@2.1.1","MIT","https://github.com/blakeembrey/param-case"
"param-case@3.0.4","MIT","https://github.com/blakeembrey/change-case"
"parent-module@1.0.1","MIT","https://github.com/sindresorhus/parent-module"
"parse-json@5.2.0","MIT","https://github.com/sindresorhus/parse-json"
"parseurl@1.3.3","MIT","https://github.com/pillarjs/parseurl"
"pascal-case@3.1.2","MIT","https://github.com/blakeembrey/change-case"
"path-exists@3.0.0","MIT","https://github.com/sindresorhus/path-exists"
"path-exists@4.0.0","MIT","https://github.com/sindresorhus/path-exists"
"path-is-absolute@1.0.1","MIT","https://github.com/sindresorhus/path-is-absolute"
"path-key@3.1.1","MIT","https://github.com/sindresorhus/path-key"
"path-parse@1.0.7","MIT","https://github.com/jbgutierrez/path-parse"
"path-to-regexp@0.1.7","MIT","https://github.com/component/path-to-regexp"
"path-type@4.0.0","MIT","https://github.com/sindresorhus/path-type"
"pend@1.2.0","MIT","https://github.com/andrewrk/node-pend"
"picomatch@2.3.0","MIT","https://github.com/micromatch/picomatch"
"pify@3.0.0","MIT","https://github.com/sindresorhus/pify"
"pkg-dir@4.2.0","MIT","https://github.com/sindresorhus/pkg-dir"
"pkg-up@3.1.0","MIT","https://github.com/sindresorhus/pkg-up"
"plist@3.0.2","MIT","https://github.com/TooTallNate/node-plist"
"pngjs@3.4.0","MIT","https://github.com/lukeapage/pngjs2"
"portfinder@1.0.28","MIT","https://github.com/http-party/node-portfinder"
"postcss-calc@8.0.0","MIT","https://github.com/postcss/postcss-calc"
"postcss-colormin@5.2.0","MIT","https://github.com/cssnano/cssnano"
"postcss-convert-values@5.0.1","MIT","https://github.com/cssnano/cssnano"
"postcss-discard-comments@5.0.1","MIT","https://github.com/cssnano/cssnano"
"postcss-discard-duplicates@5.0.1","MIT","https://github.com/cssnano/cssnano"
"postcss-discard-empty@5.0.1","MIT","https://github.com/cssnano/cssnano"
"postcss-discard-overridden@5.0.1","MIT","https://github.com/cssnano/cssnano"
"postcss-loader@5.3.0","MIT","https://github.com/webpack-contrib/postcss-loader"
"postcss-merge-longhand@5.0.2","MIT","https://github.com/cssnano/cssnano"
"postcss-merge-rules@5.0.2","MIT","https://github.com/cssnano/cssnano"
"postcss-minify-font-values@5.0.1","MIT","https://github.com/cssnano/cssnano"
"postcss-minify-gradients@5.0.1","MIT","https://github.com/cssnano/cssnano"
"postcss-minify-params@5.0.1","MIT","https://github.com/cssnano/cssnano"
"postcss-minify-selectors@5.1.0","MIT","https://github.com/cssnano/cssnano"
"postcss-modules-extract-imports@3.0.0","ISC","https://github.com/css-modules/postcss-modules-extract-imports"
"postcss-modules-local-by-default@4.0.0","MIT","https://github.com/css-modules/postcss-modules-local-by-default"
"postcss-modules-scope@3.0.0","ISC","https://github.com/css-modules/postcss-modules-scope"
"postcss-modules-values@4.0.0","ISC","https://github.com/css-modules/postcss-modules-values"
"postcss-modules@4.1.3","MIT","https://github.com/css-modules/postcss-modules"
"postcss-normalize-charset@5.0.1","MIT","https://github.com/cssnano/cssnano"
"postcss-normalize-display-values@5.0.1","MIT","https://github.com/cssnano/cssnano"
"postcss-normalize-positions@5.0.1","MIT","https://github.com/cssnano/cssnano"
"postcss-normalize-repeat-style@5.0.1","MIT","https://github.com/cssnano/cssnano"
"postcss-normalize-string@5.0.1","MIT","https://github.com/cssnano/cssnano"
"postcss-normalize-timing-functions@5.0.1","MIT","https://github.com/cssnano/cssnano"
"postcss-normalize-unicode@5.0.1","MIT","https://github.com/cssnano/cssnano"
"postcss-normalize-url@5.0.2","MIT","https://github.com/cssnano/cssnano"
"postcss-normalize-whitespace@5.0.1","MIT","https://github.com/cssnano/cssnano"
"postcss-ordered-values@5.0.2","MIT","https://github.com/cssnano/cssnano"
"postcss-reduce-initial@5.0.1","MIT","https://github.com/cssnano/cssnano"
"postcss-reduce-transforms@5.0.1","MIT","https://github.com/cssnano/cssnano"
"postcss-rtlcss@3.3.4","Apache-2.0","https://github.com/elchininet/postcss-rtlcss"
"postcss-selector-parser@6.0.6","MIT","https://github.com/postcss/postcss-selector-parser"
"postcss-svgo@5.0.2","MIT","https://github.com/cssnano/cssnano"
"postcss-unique-selectors@5.0.1","MIT","https://github.com/cssnano/cssnano"
"postcss-value-parser@4.1.0","MIT","https://github.com/TrySound/postcss-value-parser"
"postcss@8.3.5","MIT","https://github.com/postcss/postcss"
"prepend-http@2.0.0","MIT","https://github.com/sindresorhus/prepend-http"
"pretty-error@3.0.4","MIT","https://github.com/AriaMinaei/pretty-error"
"printj@1.1.2","Apache-2.0","https://github.com/SheetJS/printj"
"process-nextick-args@2.0.1","MIT","https://github.com/calvinmetcalf/process-nextick-args"
"progress@2.0.3","MIT","https://github.com/visionmedia/node-progress"
"promise-polyfill@8.1.3","MIT","https://github.com/taylorhakes/promise-polyfill"
"proto-list@1.2.4","ISC","https://github.com/isaacs/proto-list"
"protobufjs@6.11.2","BSD-3-Clause","https://github.com/protobufjs/protobuf.js"
"proxy-addr@2.0.7","MIT","https://github.com/jshttp/proxy-addr"
"prr@1.0.1","MIT","https://github.com/rvagg/prr"
"pump@3.0.0","MIT","https://github.com/mafintosh/pump"
"punycode@1.3.2","MIT","https://github.com/bestiejs/punycode.js"
"punycode@2.1.1","MIT","https://github.com/bestiejs/punycode.js"
"qrcode@1.4.4","MIT","https://github.com/soldair/node-qrcode"
"qs@6.7.0","BSD-3-Clause","https://github.com/ljharb/qs"
"quasar@2.0.3","MIT","https://github.com/quasarframework/quasar"
"querystring@0.2.0","MIT","https://github.com/Gozala/querystring"
"queue-microtask@1.2.3","MIT","https://github.com/feross/queue-microtask"
"randombytes@2.1.0","MIT","https://github.com/crypto-browserify/randombytes"
"range-parser@1.2.1","MIT","https://github.com/jshttp/range-parser"
"raw-body@2.4.0","MIT","https://github.com/stream-utils/raw-body"
"readable-stream@2.3.7","MIT","https://github.com/nodejs/readable-stream"
"readable-stream@3.6.0","MIT","https://github.com/nodejs/readable-stream"
"readdir-glob@1.1.1","Apache-2.0","https://github.com/Yqnn/node-readdir-glob"
"readdirp@3.6.0","MIT","https://github.com/paulmillr/readdirp"
"regenerate-unicode-properties@8.2.0","MIT","https://github.com/mathiasbynens/regenerate-unicode-properties"
"regenerate@1.4.2","MIT","https://github.com/mathiasbynens/regenerate"
"regenerator-runtime@0.13.7","MIT","https://github.com/facebook/regenerator/tree/master/packages/regenerator-runtime"
"regenerator-transform@0.14.5","MIT","https://github.com/facebook/regenerator/tree/master/packages/regenerator-transform"
"regexp.prototype.flags@1.3.1","MIT","https://github.com/es-shims/RegExp.prototype.flags"
"regexpu-core@4.7.1","MIT","https://github.com/mathiasbynens/regexpu-core"
"register-service-worker@1.7.2","MIT","https://github.com/yyx990803/register-service-worker"
"regjsgen@0.5.2","MIT","https://github.com/bnjmnt4n/regjsgen"
"regjsparser@0.6.9","BSD-2-Clause","https://github.com/jviereck/regjsparser"
"relateurl@0.2.7","MIT","https://github.com/stevenvachon/relateurl"
"renderkid@2.0.7","MIT","https://github.com/AriaMinaei/RenderKid"
"require-directory@2.1.1","MIT","https://github.com/troygoode/node-require-directory"
"require-from-string@2.0.2","MIT","https://github.com/floatdrop/require-from-string"
"require-main-filename@2.0.0","ISC","https://github.com/yargs/require-main-filename"
"requires-port@1.0.0","MIT","https://github.com/unshiftio/requires-port"
"reselect@4.0.0","MIT","https://github.com/reduxjs/reselect"
"resolve-from@4.0.0","MIT","https://github.com/sindresorhus/resolve-from"
"resolve@1.20.0","MIT","https://github.com/browserify/resolve"
"responselike@1.0.2","MIT","https://github.com/lukechilds/responselike"
"restore-cursor@3.1.0","MIT","https://github.com/sindresorhus/restore-cursor"
"retry@0.13.1","MIT","https://github.com/tim-kos/node-retry"
"reusify@1.0.4","MIT","https://github.com/mcollina/reusify"
"rgb-regex@1.0.1","MIT","https://github.com/regexps/rgb-regex"
"rgba-regex@1.0.0","MIT","https://github.com/johnotander/rgba-regex"
"rimraf@3.0.2","ISC","https://github.com/isaacs/rimraf"
"roarr@2.15.4","BSD-3-Clause","https://github.com/gajus/roarr"
"round-slider@1.6.1","MIT","https://github.com/soundar24/roundSlider"
"rtcpeerconnection-shim@1.2.15","BSD-3-Clause","https://github.com/fippo/rtcpeerconnection-shim"
"rtlcss@3.3.0","MIT","https://github.com/MohammadYounes/rtlcss"
"run-async@2.4.1","MIT","https://github.com/SBoudrias/run-async"
"run-parallel@1.2.0","MIT","https://github.com/feross/run-parallel"
"rxjs@7.2.0","Apache-2.0","https://github.com/reactivex/rxjs"
"safe-buffer@5.1.2","MIT","https://github.com/feross/safe-buffer"
"safe-buffer@5.2.1","MIT","https://github.com/feross/safe-buffer"
"safer-buffer@2.1.2","MIT","https://github.com/ChALkeR/safer-buffer"
"sass-loader@12.1.0","MIT","https://github.com/webpack-contrib/sass-loader"
"sass@1.32.12","MIT","https://github.com/sass/dart-sass"
"sax@1.1.4","ISC","https://github.com/isaacs/sax-js"
"schema-utils@2.7.0","MIT","https://github.com/webpack/schema-utils"
"schema-utils@2.7.1","MIT","https://github.com/webpack/schema-utils"
"schema-utils@3.1.1","MIT","https://github.com/webpack/schema-utils"
"sdp@2.12.0","MIT","https://github.com/fippo/sdp"
"select-hose@2.0.0","MIT","https://github.com/indutny/select-hose"
"selfsigned@1.10.11","MIT","https://github.com/jfromaniello/selfsigned"
"semver-compare@1.0.0","MIT","https://github.com/substack/semver-compare"
"semver@6.3.0","ISC","https://github.com/npm/node-semver"
"semver@7.0.0","ISC","https://github.com/npm/node-semver"
"semver@7.3.5","ISC","https://github.com/npm/node-semver"
"send@0.17.1","MIT","https://github.com/pillarjs/send"
"serialize-error@7.0.1","MIT","https://github.com/sindresorhus/serialize-error"
"serialize-javascript@5.0.1","BSD-3-Clause","https://github.com/yahoo/serialize-javascript"
"serialize-javascript@6.0.0","BSD-3-Clause","https://github.com/yahoo/serialize-javascript"
"serve-index@1.9.1","MIT","https://github.com/expressjs/serve-index"
"serve-static@1.14.1","MIT","https://github.com/expressjs/serve-static"
"set-blocking@2.0.0","ISC","https://github.com/yargs/set-blocking"
"setprototypeof@1.1.0","ISC","https://github.com/wesleytodd/setprototypeof"
"setprototypeof@1.1.1","ISC","https://github.com/wesleytodd/setprototypeof"
"shallow-clone@3.0.1","MIT","https://github.com/jonschlinkert/shallow-clone"
"shebang-command@2.0.0","MIT","https://github.com/kevva/shebang-command"
"shebang-regex@3.0.0","MIT","https://github.com/sindresorhus/shebang-regex"
"shell-quote@1.7.2","MIT","https://github.com/substack/node-shell-quote"
"signal-exit@3.0.3","ISC","https://github.com/tapjs/signal-exit"
"sirv@1.0.12","MIT","https://github.com/lukeed/sirv"
"slash@3.0.0","MIT","https://github.com/sindresorhus/slash"
"slice-ansi@4.0.0","MIT","https://github.com/chalk/slice-ansi"
"sockjs@0.3.21","MIT","https://github.com/sockjs/sockjs-node"
"source-list-map@2.0.1","MIT","https://github.com/webpack/source-list-map"
"source-map-js@0.6.2","BSD-3-Clause","https://github.com/7rulnik/source-map"
"source-map-support@0.5.19","MIT","https://github.com/evanw/node-source-map-support"
"source-map@0.5.7","BSD-3-Clause","https://github.com/mozilla/source-map"
"source-map@0.6.1","BSD-3-Clause","https://github.com/mozilla/source-map"
"source-map@0.7.3","BSD-3-Clause","https://github.com/mozilla/source-map"
"sourcemap-codec@1.4.8","MIT","https://github.com/Rich-Harris/sourcemap-codec"
"spdy-transport@3.0.0","MIT","https://github.com/spdy-http2/spdy-transport"
"spdy@4.0.2","MIT","https://github.com/indutny/node-spdy"
"sprintf-js@1.1.2","BSD-3-Clause","https://github.com/alexei/sprintf.js"
"stable@0.1.8","MIT","https://github.com/Two-Screen/stable"
"stackframe@1.2.0","MIT","https://github.com/stacktracejs/stackframe"
"statuses@1.5.0","MIT","https://github.com/jshttp/statuses"
"string-hash@1.1.3","CC0-1.0","https://github.com/darkskyapp/string-hash"
"string-width@3.1.0","MIT","https://github.com/sindresorhus/string-width"
"string-width@4.2.2","MIT","https://github.com/sindresorhus/string-width"
"string_decoder@1.1.1","MIT","https://github.com/nodejs/string_decoder"
"strip-ansi@3.0.1","MIT","https://github.com/chalk/strip-ansi"
"strip-ansi@5.2.0","MIT","https://github.com/chalk/strip-ansi"
"strip-ansi@6.0.0","MIT","https://github.com/chalk/strip-ansi"
"strip-final-newline@2.0.0","MIT","https://github.com/sindresorhus/strip-final-newline"
"strip-json-comments@3.1.1","MIT","https://github.com/sindresorhus/strip-json-comments"
"stylehacks@5.0.1","MIT","https://github.com/cssnano/cssnano"
"sumchecker@3.0.1","Apache-2.0","https://github.com/malept/sumchecker"
"supports-color@5.5.0","MIT","https://github.com/chalk/supports-color"
"supports-color@7.2.0","MIT","https://github.com/chalk/supports-color"
"supports-color@8.1.1","MIT","https://github.com/chalk/supports-color"
"svgo@2.3.1","MIT","https://github.com/svg/svgo"
"table@6.7.1","BSD-3-Clause","https://github.com/gajus/table"
"tapable@1.1.3","MIT","https://github.com/webpack/tapable"
"tapable@2.2.0","MIT","https://github.com/webpack/tapable"
"tar-stream@2.2.0","MIT","https://github.com/mafintosh/tar-stream"
"terser-webpack-plugin@5.1.4","MIT","https://github.com/webpack-contrib/terser-webpack-plugin"
"terser@4.8.0","BSD-2-Clause","https://github.com/terser/terser"
"terser@5.7.1","BSD-2-Clause","https://github.com/terser/terser"
"through@2.3.8","MIT","https://github.com/dominictarr/through"
"thunky@1.1.0","MIT","https://github.com/mafintosh/thunky"
"timsort@0.3.0","MIT","https://github.com/mziccard/node-timsort"
"tmp@0.0.33","MIT","https://github.com/raszi/node-tmp"
"to-fast-properties@2.0.0","MIT","https://github.com/sindresorhus/to-fast-properties"
"to-readable-stream@1.0.0","MIT","https://github.com/sindresorhus/to-readable-stream"
"to-regex-range@5.0.1","MIT","https://github.com/micromatch/to-regex-range"
"toidentifier@1.0.0","MIT","https://github.com/component/toidentifier"
"totalist@1.1.0","MIT","https://github.com/lukeed/totalist"
"ts-loader@8.0.17","MIT","https://github.com/TypeStrong/ts-loader"
"tslib@2.1.0","0BSD","https://github.com/Microsoft/tslib"
"tslib@2.3.0","0BSD","https://github.com/Microsoft/tslib"
"tunnel@0.0.6","MIT","https://github.com/koichik/node-tunnel"
"type-fest@0.13.1","(MIT OR CC0-1.0)","https://github.com/sindresorhus/type-fest"
"type-fest@0.21.3","(MIT OR CC0-1.0)","https://github.com/sindresorhus/type-fest"
"type-is@1.6.18","MIT","https://github.com/jshttp/type-is"
"typedarray@0.0.6","MIT","https://github.com/substack/typedarray"
"typescript@4.2.2","Apache-2.0","https://github.com/Microsoft/TypeScript"
"uglify-js@3.13.10","BSD-2-Clause","https://github.com/mishoo/UglifyJS"
"unicode-canonical-property-names-ecmascript@1.0.4","MIT","https://github.com/mathiasbynens/unicode-canonical-property-names-ecmascript"
"unicode-match-property-ecmascript@1.0.4","MIT","https://github.com/mathiasbynens/unicode-match-property-ecmascript"
"unicode-match-property-value-ecmascript@1.2.0","MIT","https://github.com/mathiasbynens/unicode-match-property-value-ecmascript"
"unicode-property-aliases-ecmascript@1.1.0","MIT","https://github.com/mathiasbynens/unicode-property-aliases-ecmascript"
"uniqs@2.0.0","MIT","https://github.com/fgnass/uniqs"
"universalify@0.1.2","MIT","https://github.com/RyanZim/universalify"
"universalify@2.0.0","MIT","https://github.com/RyanZim/universalify"
"unpipe@1.0.0","MIT","https://github.com/stream-utils/unpipe"
"upper-case@1.1.3","MIT","https://github.com/blakeembrey/upper-case"
"uri-js@4.4.1","BSD-2-Clause","https://github.com/garycourt/uri-js"
"url-loader@4.1.1","MIT","https://github.com/webpack-contrib/url-loader"
"url-parse-lax@3.0.0","MIT","https://github.com/sindresorhus/url-parse-lax"
"url@0.11.0","MIT","https://github.com/defunctzombie/node-url"
"util-deprecate@1.0.2","MIT","https://github.com/TooTallNate/util-deprecate"
"utila@0.4.0","MIT","https://github.com/AriaMinaei/utila"
"utils-merge@1.0.1","MIT","https://github.com/jaredhanson/utils-merge"
"uuid@3.4.0","MIT","https://github.com/uuidjs/uuid"
"vary@1.1.2","MIT","https://github.com/jshttp/vary"
"vendors@1.0.4","MIT","https://github.com/wooorm/vendors"
"vue-i18n@9.1.7","MIT","https://github.com/intlify/vue-i18n-next"
"vue-loader@16.3.1","MIT",""
"vue-qrcode-reader@2.3.18","MIT","https://github.com/gruhn/vue-qrcode-reader"
"vue-qriously@1.1.1","MIT","https://github.com/theomessin/vue-qriously"
"vue-round-slider@1.0.1","MIT","https://github.com/soundar24/vue-round-slider"
"vue-router@4.0.10","MIT",""
"vue-style-loader@4.1.3","MIT","https://github.com/vuejs/vue-style-loader"
"vue@2.6.14","MIT","https://github.com/vuejs/vue"
"vue@3.1.5","MIT","https://github.com/vuejs/vue-next"
"vuex@4.0.2","MIT","https://github.com/vuejs/vuex"
"watchpack@2.2.0","MIT","https://github.com/webpack/watchpack"
"wbuf@1.7.3","MIT","https://github.com/indutny/wbuf"
"wcwidth@1.0.1","MIT","https://github.com/timoxley/wcwidth"
"webpack-bundle-analyzer@4.4.2","MIT","https://github.com/webpack-contrib/webpack-bundle-analyzer"
"webpack-chain@6.5.1","MPL-2.0","https://github.com/neutrinojs/webpack-chain"
"webpack-dev-middleware@4.3.0","MIT","https://github.com/webpack/webpack-dev-middleware"
"webpack-dev-server@4.0.0-beta.3","MIT","https://github.com/webpack/webpack-dev-server"
"webpack-merge@5.8.0","MIT","https://github.com/survivejs/webpack-merge"
"webpack-node-externals@3.0.0","MIT","https://github.com/liady/webpack-node-externals"
"webpack-sources@1.4.3","MIT","https://github.com/webpack/webpack-sources"
"webpack-sources@2.3.1","MIT","https://github.com/webpack/webpack-sources"
"webpack@5.45.1","MIT","https://github.com/webpack/webpack"
"webrtc-adapter@7.7.0","BSD-3-Clause","https://github.com/webrtchacks/adapter"
"websocket-driver@0.7.4","Apache-2.0","https://github.com/faye/websocket-driver-node"
"websocket-extensions@0.1.4","Apache-2.0","https://github.com/faye/websocket-extensions-node"
"whatwg-fetch@2.0.4","MIT","https://github.com/github/fetch"
"which-module@2.0.0","ISC","https://github.com/nexdrew/which-module"
"which@2.0.2","ISC","https://github.com/isaacs/node-which"
"wildcard@2.0.0","MIT","https://github.com/DamonOehlman/wildcard"
"wrap-ansi@5.1.0","MIT","https://github.com/chalk/wrap-ansi"
"wrap-ansi@6.2.0","MIT","https://github.com/chalk/wrap-ansi"
"wrap-ansi@7.0.0","MIT","https://github.com/chalk/wrap-ansi"
"wrappy@1.0.2","ISC","https://github.com/npm/wrappy"
"ws@7.5.3","MIT","https://github.com/websockets/ws"
"xmlbuilder@9.0.7","MIT","https://github.com/oozcitak/xmlbuilder-js"
"xmldom@0.5.0","MIT","https://github.com/xmldom/xmldom"
"xmlhttprequest@1.8.0","MIT","https://github.com/driverdan/node-XMLHttpRequest"
"y18n@4.0.3","ISC","https://github.com/yargs/y18n"
"y18n@5.0.8","ISC","https://github.com/yargs/y18n"
"yallist@3.1.1","ISC","https://github.com/isaacs/yallist"
"yallist@4.0.0","ISC","https://github.com/isaacs/yallist"
"yaml@1.10.2","ISC","https://github.com/eemeli/yaml"
"yargs-parser@13.1.2","ISC","https://github.com/yargs/yargs-parser"
"yargs-parser@20.2.9","ISC","https://github.com/yargs/yargs-parser"
"yargs@13.3.2","MIT","https://github.com/yargs/yargs"
"yargs@16.2.0","MIT","https://github.com/yargs/yargs"
"yauzl@2.10.0","MIT","https://github.com/thejoshwolfe/yauzl"
"yocto-queue@0.1.0","MIT","https://github.com/sindresorhus/yocto-queue"
"zip-stream@4.1.0","MIT","https://github.com/archiverjs/node-zip-stream"